
<?xml version="1.0" encoding="utf-8"?>
<rss version="2.0" xml:base="https://www.utexas.edu"  xmlns:dc="http://purl.org/dc/elements/1.1/">
<channel>
 <title>The University of Texas at Austin</title>
 <link>https://www.utexas.edu</link>
 <description></description>
 <language>en</language>
<item>
 <title>Tower and campus at sunset</title>
 <link>https://www.utexas.edu/content/tower-and-campus-at-sunset</link>
 <description>&lt;div class=&quot;field field_hero_image&quot;&gt;
      &lt;div id=&quot;file-1644&quot; class=&quot;file file-image file-image-jpeg&quot;&gt;

        &lt;h2 class=&quot;element-invisible&quot;&gt;&lt;a href=&quot;/file/1644&quot;&gt;homepage_background_image_-_sunset.jpg&lt;/a&gt;&lt;/h2&gt;
    
  
  &lt;div class=&quot;content&quot;&gt;
    &lt;img typeof=&quot;foaf:Image&quot; src=&quot;https://www.utexas.edu/sites/default/files/homepage_hero_images/homepage_background_image_-_sunset.jpg&quot; width=&quot;1500&quot; height=&quot;675&quot; alt=&quot;&quot; /&gt;&lt;div class=&quot;field field_photo_credit&quot;&gt;
      Dave Mead  &lt;/div&gt;
&lt;div class=&quot;field field_alt_tag&quot;&gt;
      The university of Texas at Austin campus at sunset  &lt;/div&gt;
  &lt;/div&gt;

  
&lt;/div&gt;
  &lt;/div&gt;
&lt;div class=&quot;field field_homepage_hero_published&quot;&gt;
      &lt;span class=&quot;date-display-single&quot; property=&quot;dc:date&quot; datatype=&quot;xsd:dateTime&quot; content=&quot;2020-04-08T00:00:00-05:00&quot;&gt;Wednesday, April 8, 2020&lt;/span&gt;  &lt;/div&gt;
</description>
 <pubDate>Wed, 08 Apr 2020 18:55:02 +0000</pubDate>
 <dc:creator>rathgekm</dc:creator>
 <guid isPermaLink="false">34001 at https://www.utexas.edu</guid>
</item>
<item>
 <title>Windshield wiper motors are available, reliable and inexpensive</title>
 <link>https://www.utexas.edu/content/windshield-wiper-motors-are-available-reliable-and-inexpensive</link>
 <description>&lt;div class=&quot;field field_hero_image&quot;&gt;
      &lt;div id=&quot;file-1642&quot; class=&quot;file file-image file-image-jpeg&quot;&gt;

        &lt;h2 class=&quot;element-invisible&quot;&gt;&lt;a href=&quot;/file/1642&quot;&gt;utexas-home-windshield-wiper-unsplash.jpg&lt;/a&gt;&lt;/h2&gt;
    
  
  &lt;div class=&quot;content&quot;&gt;
    &lt;img typeof=&quot;foaf:Image&quot; src=&quot;https://www.utexas.edu/sites/default/files/homepage_hero_images/utexas-home-windshield-wiper-unsplash.jpg&quot; width=&quot;1500&quot; height=&quot;675&quot; alt=&quot;&quot; /&gt;&lt;div class=&quot;field field_photo_credit&quot;&gt;
      Thibault Valjevac, Unsplash  &lt;/div&gt;
&lt;div class=&quot;field field_alt_tag&quot;&gt;
      Windshield wiper motors are available, reliable and inexpensive  &lt;/div&gt;
  &lt;/div&gt;

  
&lt;/div&gt;
  &lt;/div&gt;
&lt;div class=&quot;field field_homepage_hero_published&quot;&gt;
      &lt;span class=&quot;date-display-single&quot; property=&quot;dc:date&quot; datatype=&quot;xsd:dateTime&quot; content=&quot;2020-04-06T00:00:00-05:00&quot;&gt;Monday, April 6, 2020&lt;/span&gt;  &lt;/div&gt;
</description>
 <pubDate>Mon, 06 Apr 2020 18:59:16 +0000</pubDate>
 <dc:creator>rathgekm</dc:creator>
 <guid isPermaLink="false">33999 at https://www.utexas.edu</guid>
</item>
<item>
 <title>Frontera, the most powerful supercomputer at any university in the world</title>
 <link>https://www.utexas.edu/content/frontera-the-most-powerful-supercomputer-at-any-university-in-the-world</link>
 <description>&lt;div class=&quot;field field_hero_image&quot;&gt;
      &lt;div id=&quot;file-1639&quot; class=&quot;file file-image file-image-jpeg&quot;&gt;

        &lt;h2 class=&quot;element-invisible&quot;&gt;&lt;a href=&quot;/file/1639&quot;&gt;homepage_background_image.jpg&lt;/a&gt;&lt;/h2&gt;
    
  
  &lt;div class=&quot;content&quot;&gt;
    &lt;img typeof=&quot;foaf:Image&quot; src=&quot;https://www.utexas.edu/sites/default/files/homepage_hero_images/homepage_background_image_17.jpg&quot; width=&quot;1500&quot; height=&quot;675&quot; alt=&quot;&quot; /&gt;&lt;div class=&quot;field field_photo_credit&quot;&gt;
      UT Austin  &lt;/div&gt;
&lt;div class=&quot;field field_alt_tag&quot;&gt;
      Frontera, the most powerful supercomputer at any university in the world  &lt;/div&gt;
  &lt;/div&gt;

  
&lt;/div&gt;
  &lt;/div&gt;
&lt;div class=&quot;field field_homepage_hero_published&quot;&gt;
      &lt;span class=&quot;date-display-single&quot; property=&quot;dc:date&quot; datatype=&quot;xsd:dateTime&quot; content=&quot;2020-03-30T00:00:00-05:00&quot;&gt;Monday, March 30, 2020&lt;/span&gt;  &lt;/div&gt;
</description>
 <pubDate>Mon, 30 Mar 2020 18:39:29 +0000</pubDate>
 <dc:creator>rathgekm</dc:creator>
 <guid isPermaLink="false">33996 at https://www.utexas.edu</guid>
</item>
<item>
 <title>Latest updates on COVID-19 policies and resources for the campus community</title>
 <link>https://www.utexas.edu/content/latest-updates-on-covid-19-policies-and-resources-for-the-campus-community</link>
 <description>&lt;div class=&quot;field field_news_alert_image&quot;&gt;
      &lt;img typeof=&quot;foaf:Image&quot; src=&quot;https://www.utexas.edu/sites/default/files/covid-19_website_social_card_-_1200x630.png&quot; width=&quot;1200&quot; height=&quot;630&quot; /&gt;  &lt;/div&gt;
&lt;div class=&quot;field field_news_alert_link&quot;&gt;
      &lt;a href=&quot;https://coronavirus.utexas.edu&quot; target=&quot;_blank&quot;&gt;https://coronavirus.utexas.edu&lt;/a&gt;  &lt;/div&gt;
</description>
 <pubDate>Sun, 29 Mar 2020 22:17:08 +0000</pubDate>
 <dc:creator>pfg</dc:creator>
 <guid isPermaLink="false">33993 at https://www.utexas.edu</guid>
</item>
<item>
 <title>Classes move online for spring semester</title>
 <link>https://www.utexas.edu/content/classes-move-online-for-spring-semester</link>
 <description>&lt;div class=&quot;field field_hero_image&quot;&gt;
      &lt;div id=&quot;file-1628&quot; class=&quot;file file-image file-image-jpeg&quot;&gt;

        &lt;h2 class=&quot;element-invisible&quot;&gt;&lt;a href=&quot;/file/1628&quot;&gt;homepage_background_image.jpg&lt;/a&gt;&lt;/h2&gt;
    
  
  &lt;div class=&quot;content&quot;&gt;
    &lt;img typeof=&quot;foaf:Image&quot; src=&quot;https://www.utexas.edu/sites/default/files/homepage_hero_images/homepage_background_image_16.jpg&quot; width=&quot;1500&quot; height=&quot;675&quot; alt=&quot;&quot; /&gt;&lt;div class=&quot;field field_photo_credit&quot;&gt;
      Photo by Andrew Neel on Unsplash  &lt;/div&gt;
&lt;div class=&quot;field field_alt_tag&quot;&gt;
      Students working toward degrees online for spring semester  &lt;/div&gt;
  &lt;/div&gt;

  
&lt;/div&gt;
  &lt;/div&gt;
&lt;div class=&quot;field field_homepage_hero_published&quot;&gt;
      &lt;span class=&quot;date-display-single&quot; property=&quot;dc:date&quot; datatype=&quot;xsd:dateTime&quot; content=&quot;2020-03-18T00:00:00-05:00&quot;&gt;Wednesday, March 18, 2020&lt;/span&gt;  &lt;/div&gt;
</description>
 <pubDate>Wed, 18 Mar 2020 22:15:09 +0000</pubDate>
 <dc:creator>rathgekm</dc:creator>
 <guid isPermaLink="false">33986 at https://www.utexas.edu</guid>
</item>
<item>
 <title>Visitors looking up at James Turrell, The Color Inside</title>
 <link>https://www.utexas.edu/content/visitors-looking-up-at-james-turrell-the-color-inside</link>
 <description>&lt;div class=&quot;field field_hero_image&quot;&gt;
      &lt;div id=&quot;file-1624&quot; class=&quot;file file-image file-image-jpeg&quot;&gt;

        &lt;h2 class=&quot;element-invisible&quot;&gt;&lt;a href=&quot;/file/1624&quot;&gt;homepage_background_image_-_1.jpg&lt;/a&gt;&lt;/h2&gt;
    
  
  &lt;div class=&quot;content&quot;&gt;
    &lt;img typeof=&quot;foaf:Image&quot; src=&quot;https://www.utexas.edu/sites/default/files/homepage_hero_images/homepage_background_image_-_1_1.jpg&quot; width=&quot;1500&quot; height=&quot;675&quot; alt=&quot;&quot; /&gt;&lt;div class=&quot;field field_photo_credit&quot;&gt;
      The Alcalde  &lt;/div&gt;
&lt;div class=&quot;field field_alt_tag&quot;&gt;
      Visitors looking up at James Turrell, The Color Inside  &lt;/div&gt;
  &lt;/div&gt;

  
&lt;/div&gt;
  &lt;/div&gt;
&lt;div class=&quot;field field_homepage_hero_published&quot;&gt;
      &lt;span class=&quot;date-display-single&quot; property=&quot;dc:date&quot; datatype=&quot;xsd:dateTime&quot; content=&quot;2020-03-09T00:00:00-05:00&quot;&gt;Monday, March 9, 2020&lt;/span&gt;  &lt;/div&gt;
</description>
 <pubDate>Mon, 09 Mar 2020 18:54:11 +0000</pubDate>
 <dc:creator>rathgekm</dc:creator>
 <guid isPermaLink="false">33979 at https://www.utexas.edu</guid>
</item>
<item>
 <title>Explore UT Cancelled Following City Declaration</title>
 <link>https://www.utexas.edu/content/explore-ut-cancelled-following-city-declaration</link>
 <description>&lt;div class=&quot;field field_news_alert_image&quot;&gt;
      &lt;img typeof=&quot;foaf:Image&quot; src=&quot;https://www.utexas.edu/sites/default/files/tower-winter_830x415-1200x675-c-default.jpg&quot; width=&quot;1200&quot; height=&quot;675&quot; /&gt;  &lt;/div&gt;
&lt;div class=&quot;field field_news_alert_link&quot;&gt;
      &lt;a href=&quot;https://news.utexas.edu/2020/03/06/explore-ut-cancelled-following-city-declaration/&quot; target=&quot;_blank&quot;&gt;https://news.utexas.edu/2020/03/06/explore-ut-cancelled-following-city-declaration/&lt;/a&gt;  &lt;/div&gt;
</description>
 <pubDate>Fri, 06 Mar 2020 22:51:49 +0000</pubDate>
 <dc:creator>hillaryb</dc:creator>
 <guid isPermaLink="false">33976 at https://www.utexas.edu</guid>
</item>
<item>
 <title>Space objects and debris surrounding Earth</title>
 <link>https://www.utexas.edu/content/space-objects-and-debris-surrounding-earth</link>
 <description>&lt;div class=&quot;field field_hero_image&quot;&gt;
      &lt;div id=&quot;file-1615&quot; class=&quot;file file-image file-image-jpeg&quot;&gt;

        &lt;h2 class=&quot;element-invisible&quot;&gt;&lt;a href=&quot;/file/1615&quot;&gt;homepage_background_image.jpg&lt;/a&gt;&lt;/h2&gt;
    
  
  &lt;div class=&quot;content&quot;&gt;
    &lt;img typeof=&quot;foaf:Image&quot; src=&quot;https://www.utexas.edu/sites/default/files/homepage_hero_images/homepage_background_image_15.jpg&quot; width=&quot;1500&quot; height=&quot;675&quot; alt=&quot;&quot; /&gt;&lt;div class=&quot;field field_photo_credit&quot;&gt;
      ASTRIAGraph  &lt;/div&gt;
&lt;div class=&quot;field field_alt_tag&quot;&gt;
      Space objects and debris surrounding Earth as visualized by ASTRIAGraph  &lt;/div&gt;
  &lt;/div&gt;

  
&lt;/div&gt;
  &lt;/div&gt;
&lt;div class=&quot;field field_homepage_hero_published&quot;&gt;
      &lt;span class=&quot;date-display-single&quot; property=&quot;dc:date&quot; datatype=&quot;xsd:dateTime&quot; content=&quot;2020-03-02T00:00:00-06:00&quot;&gt;Monday, March 2, 2020&lt;/span&gt;  &lt;/div&gt;
</description>
 <pubDate>Mon, 02 Mar 2020 17:41:32 +0000</pubDate>
 <dc:creator>rathgekm</dc:creator>
 <guid isPermaLink="false">33971 at https://www.utexas.edu</guid>
</item>
<item>
 <title>The Habitable Zone Planet Finder instrument</title>
 <link>https://www.utexas.edu/content/the-habitable-zone-planet-finder-instrument</link>
 <description>&lt;div class=&quot;field field_hero_image&quot;&gt;
      &lt;div id=&quot;file-1603&quot; class=&quot;file file-image file-image-jpeg&quot;&gt;

        &lt;h2 class=&quot;element-invisible&quot;&gt;&lt;a href=&quot;/file/1603&quot;&gt;homepage_background_image.jpg&lt;/a&gt;&lt;/h2&gt;
    
  
  &lt;div class=&quot;content&quot;&gt;
    &lt;img typeof=&quot;foaf:Image&quot; src=&quot;https://www.utexas.edu/sites/default/files/homepage_hero_images/homepage_background_image_14.jpg&quot; width=&quot;1500&quot; height=&quot;675&quot; alt=&quot;&quot; /&gt;&lt;div class=&quot;field field_photo_credit&quot;&gt;
      Guðmundur Stefánssonn/Penn State  &lt;/div&gt;
&lt;div class=&quot;field field_alt_tag&quot;&gt;
      The Habitable Zone Planet Finder instrument  &lt;/div&gt;
  &lt;/div&gt;

  
&lt;/div&gt;
  &lt;/div&gt;
&lt;div class=&quot;field field_homepage_hero_published&quot;&gt;
      &lt;span class=&quot;date-display-single&quot; property=&quot;dc:date&quot; datatype=&quot;xsd:dateTime&quot; content=&quot;2020-02-24T00:00:00-06:00&quot;&gt;Monday, February 24, 2020&lt;/span&gt;  &lt;/div&gt;
</description>
 <pubDate>Mon, 24 Feb 2020 19:17:25 +0000</pubDate>
 <dc:creator>rathgekm</dc:creator>
 <guid isPermaLink="false">33964 at https://www.utexas.edu</guid>
</item>
<item>
 <title>Nancy Rubins,Monochrome for Austin, 2015</title>
 <link>https://www.utexas.edu/content/nancy-rubinsmonochrome-for-austin-2015</link>
 <description>&lt;div class=&quot;field field_hero_image&quot;&gt;
      &lt;div id=&quot;file-1590&quot; class=&quot;file file-image file-image-jpeg&quot;&gt;

        &lt;h2 class=&quot;element-invisible&quot;&gt;&lt;a href=&quot;/file/1590&quot;&gt;homepage_background_image2.jpg&lt;/a&gt;&lt;/h2&gt;
    
  
  &lt;div class=&quot;content&quot;&gt;
    &lt;img typeof=&quot;foaf:Image&quot; src=&quot;https://www.utexas.edu/sites/default/files/homepage_hero_images/homepage_background_image2.jpg&quot; width=&quot;1500&quot; height=&quot;675&quot; alt=&quot;&quot; /&gt;&lt;div class=&quot;field field_photo_credit&quot;&gt;
      Photo by Paul Bardagjy  &lt;/div&gt;
&lt;div class=&quot;field field_alt_tag&quot;&gt;
      Nancy Rubins,Monochrome for Austin, 2015  &lt;/div&gt;
  &lt;/div&gt;

  
&lt;/div&gt;
  &lt;/div&gt;
&lt;div class=&quot;field field_homepage_hero_published&quot;&gt;
      &lt;span class=&quot;date-display-single&quot; property=&quot;dc:date&quot; datatype=&quot;xsd:dateTime&quot; content=&quot;2020-02-18T00:00:00-06:00&quot;&gt;Tuesday, February 18, 2020&lt;/span&gt;  &lt;/div&gt;
</description>
 <pubDate>Tue, 18 Feb 2020 17:37:23 +0000</pubDate>
 <dc:creator>rathgekm</dc:creator>
 <guid isPermaLink="false">33960 at https://www.utexas.edu</guid>
</item>
</channel>
</rss>
